tag,date,hour_ending,load_mw
D,07/20/2026,0,12158.9
D,07/20/2026,1,11672.76
D,07/20/2026,2,11458.13
D,07/20/2026,3,11083.58
D,07/20/2026,4,11088.35
D,07/20/2026,5,11357.97
D,07/20/2026,6,11503.01
D,07/20/2026,7,11759.17
D,07/20/2026,8,11535.13
D,07/20/2026,9,11191.52
D,07/20/2026,10,10966.36
D,07/20/2026,11,11102.26
D,07/20/2026,12,11443.58
D,07/20/2026,13,11735.17
D,07/20/2026,14,12320.78
D,07/20/2026,15,13286.22
D,07/20/2026,16,14622.15
D,07/20/2026,17,16156.9
D,07/20/2026,18,17300.15
D,07/20/2026,19,17337.58
D,07/20/2026,20,16818.58
D,07/20/2026,21,16001.42
D,07/20/2026,22,14703.07
D,07/20/2026,23,13381.92
D,07/21/2026,0,12439.6
D,07/21/2026,1,12413.75
D,07/21/2026,2,12320.54
D,07/21/2026,3,12101.22
D,07/21/2026,4,12212.04
D,07/21/2026,5,12514.8
D,07/21/2026,6,12693.01
D,07/21/2026,7,12948.34
D,07/21/2026,8,13037.79
D,07/21/2026,9,13249.78
D,07/21/2026,10,13734.63
D,07/21/2026,11,14397.54
D,07/21/2026,12,14851.58
D,07/21/2026,13,14806.86
D,07/21/2026,14,15092.32
D,07/21/2026,15,15746.14
D,07/21/2026,16,16272.0
D,07/21/2026,17,16500.43
D,07/21/2026,18,16491.18
D,07/21/2026,19,16444.21
D,07/21/2026,20,16361.33
D,07/21/2026,21,15920.41
D,07/21/2026,22,14989.71
D,07/21/2026,23,13993.49
D,07/22/2026,0,13706.28
D,07/22/2026,1,14019.98
D,07/22/2026,2,14164.96
D,07/22/2026,3,14008.51
D,07/22/2026,4,14143.25
D,07/22/2026,5,14455.91
D,07/22/2026,6,14624.71
D,07/22/2026,7,14783.4
D,07/22/2026,8,15115.08
D,07/22/2026,9,15052.45
D,07/22/2026,10,15266.21
D,07/22/2026,11,15283.68
D,07/22/2026,12,15780.01
D,07/22/2026,13,16387.69
D,07/22/2026,14,16788.02
D,07/22/2026,15,17055.37
D,07/22/2026,16,17475.1
D,07/22/2026,17,18348.95
D,07/22/2026,18,18866.19
D,07/22/2026,19,18751.8
D,07/22/2026,20,18332.06
D,07/22/2026,21,17267.92
D,07/22/2026,22,15682.23
D,07/22/2026,23,14173.1
D,07/23/2026,0,13086.86
D,07/23/2026,1,12882.56
D,07/23/2026,2,12617.38
D,07/23/2026,3,12370.28
D,07/23/2026,4,12334.4
D,07/23/2026,5,12706.52
D,07/23/2026,6,12606.34
D,07/23/2026,7,12327.47
D,07/23/2026,8,12200.82
D,07/23/2026,9,11707.98
D,07/23/2026,10,11567.08
D,07/23/2026,11,11071.45
D,07/23/2026,12,11243.61
D,07/23/2026,13,11598.54
D,07/23/2026,14,11928.15
D,07/23/2026,15,12829.13
D,07/23/2026,16,14129.47
D,07/23/2026,17,15579.12
D,07/23/2026,18,16558.25
D,07/23/2026,19,16633.81
D,07/23/2026,20,16235.68
D,07/23/2026,21,15542.22
D,07/23/2026,22,14327.04
D,07/23/2026,23,13225.34
D,07/24/2026,0,12573.65
D,07/24/2026,1,12059.55
D,07/24/2026,2,11786.52
D,07/24/2026,3,11676.27
D,07/24/2026,4,11748.03
D,07/24/2026,5,11909.58
D,07/24/2026,6,11770.95
D,07/24/2026,7,11883.15
D,07/24/2026,8,11480.15
D,07/24/2026,9,11466.98
D,07/24/2026,10,11353.78
D,07/24/2026,11,11365.85
D,07/24/2026,12,11645.11
D,07/24/2026,13,12109.31
D,07/24/2026,14,12544.67
D,07/24/2026,15,13532.38
D,07/24/2026,16,14843.24
D,07/24/2026,17,16139.5
D,07/24/2026,18,16876.9
D,07/24/2026,19,16785.91
D,07/24/2026,20,16353.02
D,07/24/2026,21,15637.28
D,07/24/2026,22,14498.49
D,07/24/2026,23,13266.8
D,07/25/2026,0,12270.76
D,07/25/2026,1,11507.8
D,07/25/2026,2,11376.63
D,07/25/2026,3,11442.5
D,07/25/2026,4,11353.49
D,07/25/2026,5,11652.15
D,07/25/2026,6,11458.15
D,07/25/2026,7,11087.18
D,07/25/2026,8,10553.23
D,07/25/2026,9,10391.12
D,07/25/2026,10,9943.43
D,07/25/2026,11,10172.27
D,07/25/2026,12,10465.97
D,07/25/2026,13,10913.19
D,07/25/2026,14,11192.51
D,07/25/2026,15,11789.4
D,07/25/2026,16,13086.97
D,07/25/2026,17,14526.44
D,07/25/2026,18,15548.88
D,07/25/2026,19,15540.79
D,07/25/2026,20,15155.33
D,07/25/2026,21,14487.99
D,07/25/2026,22,13478.39
D,07/25/2026,23,12391.55
D,07/26/2026,0,11552.16
D,07/26/2026,1,10879.58
D,07/26/2026,2,10413.71
D,07/26/2026,3,10340.48
D,07/26/2026,4,10232.32
D,07/26/2026,5,10243.31
D,07/26/2026,6,10427.68
D,07/26/2026,7,10300.62
D,07/26/2026,8,9993.47
D,07/26/2026,9,9990.98
D,07/26/2026,10,9780.47
D,07/26/2026,11,9905.61
D,07/26/2026,12,10056.58
D,07/26/2026,13,10588.72
D,07/26/2026,14,10958.82
D,07/26/2026,15,11616.12
D,07/26/2026,16,12952.26
D,07/26/2026,17,14517.71
D,07/26/2026,18,15562.5
D,07/26/2026,19,15742.52
D,07/26/2026,20,15491.17
D,07/26/2026,21,14783.3
D,07/26/2026,22,13676.84
D,07/26/2026,23,12499.82
D,07/27/2026,0,11653.64
D,07/27/2026,1,11871.25
D,07/27/2026,2,11884.66
D,07/27/2026,3,11870.11
D,07/27/2026,4,11980.52
D,07/27/2026,5,11873.78
D,07/27/2026,6,11823.58
D,07/27/2026,7,11972.47
D,07/27/2026,8,11673.58
D,07/27/2026,9,11200.65
D,07/27/2026,10,11058.63
D,07/27/2026,11,11575.87
D,07/27/2026,12,12133.47
D,07/27/2026,13,12844.32
D,07/27/2026,14,13494.05
D,07/27/2026,15,14480.62
D,07/27/2026,16,15834.34
D,07/27/2026,17,17176.96
D,07/27/2026,18,18086.85
D,07/27/2026,19,18057.25
D,07/27/2026,20,17770.42
D,07/27/2026,21,16950.53
D,07/27/2026,22,15661.75
D,07/27/2026,23,14326.46
D,07/28/2026,0,13398.26
D,07/28/2026,1,13411.92
D,07/28/2026,2,13071.79
D,07/28/2026,3,12943.3
D,07/28/2026,4,13088.82
D,07/28/2026,5,13176.99
D,07/28/2026,6,13583.58
D,07/28/2026,7,14258.14
D,07/28/2026,8,14265.95
D,07/28/2026,9,14257.78
D,07/28/2026,10,14297.77
D,07/28/2026,11,14571.15
D,07/28/2026,12,15063.03
D,07/28/2026,13,15886.6
D,07/28/2026,14,16621.68
D,07/28/2026,15,17095.24
D,07/28/2026,16,17465.9
D,07/28/2026,17,18025.66
D,07/28/2026,18,18166.51
D,07/28/2026,19,17975.11
D,07/28/2026,20,17732.37
D,07/28/2026,21,17005.03
D,07/28/2026,22,15793.82
D,07/28/2026,23,14559.11
D,07/29/2026,0,13651.83
D,07/29/2026,1,13837.44
D,07/29/2026,2,13509.48
D,07/29/2026,3,13488.38
D,07/29/2026,4,13558.02
D,07/29/2026,5,13860.12
D,07/29/2026,6,14063.37
D,07/29/2026,7,14820.57
D,07/29/2026,8,15143.96
D,07/29/2026,9,15374.96
D,07/29/2026,10,15436.93
D,07/29/2026,11,15306.48
D,07/29/2026,12,15202.8
D,07/29/2026,13,15267.0
D,07/29/2026,14,15258.57
D,07/29/2026,15,15518.1
D,07/29/2026,16,16058.85
D,07/29/2026,17,16524.42
D,07/29/2026,18,16547.17
D,07/29/2026,19,16362.63
D,07/29/2026,20,16076.92
D,07/29/2026,21,15467.67
D,07/29/2026,22,14451.96
D,07/29/2026,23,13629.3
D,07/30/2026,0,12675.67
D,07/30/2026,1,12652.46
D,07/30/2026,2,12689.22
D,07/30/2026,3,12682.74
D,07/30/2026,4,12797.67
D,07/30/2026,5,12972.59
D,07/30/2026,6,13048.36
D,07/30/2026,7,13711.61
D,07/30/2026,8,14101.69
D,07/30/2026,9,14192.2
D,07/30/2026,10,14373.83
D,07/30/2026,11,14354.55
D,07/30/2026,12,14000.43
D,07/30/2026,13,14081.9
D,07/30/2026,14,14231.47
D,07/30/2026,15,14624.79
D,07/30/2026,16,15000.92
D,07/30/2026,17,15626.98
D,07/30/2026,18,15950.76
D,07/30/2026,19,15989.52
D,07/30/2026,20,15903.48
D,07/30/2026,21,15313.3
D,07/30/2026,22,14278.03
D,07/30/2026,23,13176.4
D,07/31/2026,0,12362.17
D,07/31/2026,1,12287.96
D,07/31/2026,2,12013.83
D,07/31/2026,3,12011.61
D,07/31/2026,4,12122.24
D,07/31/2026,5,12312.16
D,07/31/2026,6,12419.11
D,07/31/2026,7,12719.72
D,07/31/2026,8,12887.35
D,07/31/2026,9,12674.27
D,07/31/2026,10,12491.9
D,07/31/2026,11,13017.78
D,07/31/2026,12,13705.73
D,07/31/2026,13,14117.06
D,07/31/2026,14,14517.3
D,07/31/2026,15,15016.25
D,07/31/2026,16,15892.32
D,07/31/2026,17,16927.74
D,07/31/2026,18,17435.42
D,07/31/2026,19,17442.59
D,07/31/2026,20,17253.38
D,07/31/2026,21,16585.69
D,07/31/2026,22,15464.09
D,07/31/2026,23,14287.24
D,08/01/2026,0,13501.22
D,08/01/2026,1,12933.06
D,08/01/2026,2,12639.0
D,08/01/2026,3,12530.06
D,08/01/2026,4,12414.84
D,08/01/2026,5,12741.29
D,08/01/2026,6,12780.86
D,08/01/2026,7,12931.97
D,08/01/2026,8,12921.7
D,08/01/2026,9,12627.55
D,08/01/2026,10,12684.77
D,08/01/2026,11,13093.74
D,08/01/2026,12,13943.3
D,08/01/2026,13,14680.47
D,08/01/2026,14,15269.49
D,08/01/2026,15,15887.41
D,08/01/2026,16,17040.98
D,08/01/2026,17,18285.06
D,08/01/2026,18,18689.92
D,08/01/2026,19,18484.9
D,08/01/2026,20,18311.69
D,08/01/2026,21,17593.61
D,08/01/2026,22,16534.88
D,08/01/2026,23,15381.94
D,08/02/2026,0,14475.78
D,08/02/2026,1,13758.52
D,08/02/2026,2,13711.67
D,08/02/2026,3,13615.27
D,08/02/2026,4,13901.39
D,08/02/2026,5,14039.09
D,08/02/2026,6,14089.48
D,08/02/2026,7,14034.03
D,08/02/2026,8,14109.18
D,08/02/2026,9,14109.97
D,08/02/2026,10,13890.22
D,08/02/2026,11,14414.23
D,08/02/2026,12,14859.94
D,08/02/2026,13,15461.46
D,08/02/2026,14,16147.66
D,08/02/2026,15,16936.0
D,08/02/2026,16,17749.11
D,08/02/2026,17,18586.36
D,08/02/2026,18,18959.52
D,08/02/2026,19,18865.96
D,08/02/2026,20,18719.66
D,08/02/2026,21,17918.01
D,08/02/2026,22,16775.69
D,08/02/2026,23,15890.32
D,08/03/2026,0,15114.04
D,08/03/2026,1,15063.26
D,08/03/2026,2,14914.24
D,08/03/2026,3,14748.3
D,08/03/2026,4,14887.0
D,08/03/2026,5,15346.85
D,08/03/2026,6,15758.47
D,08/03/2026,7,16633.31
D,08/03/2026,8,17227.15
D,08/03/2026,9,17472.57
D,08/03/2026,10,17805.15
D,08/03/2026,11,17966.85
D,08/03/2026,12,18257.83
D,08/03/2026,13,17740.19
D,08/03/2026,14,17499.06
D,08/03/2026,15,17432.14
D,08/03/2026,16,17749.99
D,08/03/2026,17,18305.1
D,08/03/2026,18,18720.94
D,08/03/2026,19,18429.09
D,08/03/2026,20,18027.23
D,08/03/2026,21,17093.25
D,08/03/2026,22,15905.61
D,08/03/2026,23,14668.84
D,08/04/2026,0,13161.98
D,08/04/2026,1,12967.14
D,08/04/2026,2,12462.3
D,08/04/2026,3,12144.79
D,08/04/2026,4,12153.52
D,08/04/2026,5,12528.03
D,08/04/2026,6,12768.77
D,08/04/2026,7,13039.04
D,08/04/2026,8,12946.12
D,08/04/2026,9,12747.1
D,08/04/2026,10,12458.55
D,08/04/2026,11,12529.48
D,08/04/2026,12,12943.48
D,08/04/2026,13,13686.26
D,08/04/2026,14,14552.53
D,08/04/2026,15,15725.84
D,08/04/2026,16,17233.37
D,08/04/2026,17,18749.23
D,08/04/2026,18,19587.36
D,08/04/2026,19,19299.43
D,08/04/2026,20,18775.99
D,08/04/2026,21,17720.19
D,08/04/2026,22,16186.0
D,08/04/2026,23,14712.68
D,08/05/2026,0,13820.69
D,08/05/2026,1,13444.61
D,08/05/2026,2,13136.88
D,08/05/2026,3,12814.48
D,08/05/2026,4,12772.53
D,08/05/2026,5,12970.14
D,08/05/2026,6,13053.5
D,08/05/2026,7,13468.78
D,08/05/2026,8,13479.13
D,08/05/2026,9,13519.33
D,08/05/2026,10,13619.71
D,08/05/2026,11,13788.78
D,08/05/2026,12,14314.94
D,08/05/2026,13,15335.08
D,08/05/2026,14,15993.92
D,08/05/2026,15,17158.88
D,08/05/2026,16,18424.83
D,08/05/2026,17,19359.78
D,08/05/2026,18,19789.54
D,08/05/2026,19,19633.12
D,08/05/2026,20,19353.69
D,08/05/2026,21,18505.15
D,08/05/2026,22,17185.34
D,08/05/2026,23,15886.16
D,08/06/2026,0,15309.89
D,08/06/2026,1,15276.6
D,08/06/2026,2,15098.14
D,08/06/2026,3,14899.19
D,08/06/2026,4,15207.86
D,08/06/2026,5,15558.3
D,08/06/2026,6,16011.56
D,08/06/2026,7,16702.96
D,08/06/2026,8,17091.69
D,08/06/2026,9,17203.75
D,08/06/2026,10,17130.49
D,08/06/2026,11,17677.95
D,08/06/2026,12,18159.92
D,08/06/2026,13,18954.27
D,08/06/2026,14,19556.14
D,08/06/2026,15,20676.85
D,08/06/2026,16,21807.84
D,08/06/2026,17,22697.54
D,08/06/2026,18,23321.58
D,08/06/2026,19,23143.47
D,08/06/2026,20,22870.25
D,08/06/2026,21,21710.58
D,08/06/2026,22,20026.04
D,08/06/2026,23,18809.71
D,08/07/2026,0,17726.0
D,08/07/2026,1,17351.59
D,08/07/2026,2,16943.31
D,08/07/2026,3,16759.1
D,08/07/2026,4,16663.35
D,08/07/2026,5,16976.95
D,08/07/2026,6,17171.1
D,08/07/2026,7,17771.04
D,08/07/2026,8,18046.44
D,08/07/2026,9,18162.97
D,08/07/2026,10,18465.9
D,08/07/2026,11,18776.16
D,08/07/2026,12,19120.38
D,08/07/2026,13,19654.02
D,08/07/2026,14,20401.49
D,08/07/2026,15,21376.27
D,08/07/2026,16,22504.82
D,08/07/2026,17,23357.75
D,08/07/2026,18,23677.24
D,08/07/2026,19,23186.49
D,08/07/2026,20,22391.94
D,08/07/2026,21,21057.85
D,08/07/2026,22,19561.94
D,08/07/2026,23,18278.48
D,08/08/2026,0,17101.01
D,08/08/2026,1,16427.1
D,08/08/2026,2,15879.46
D,08/08/2026,3,15796.06
D,08/08/2026,4,15552.19
D,08/08/2026,5,15504.21
D,08/08/2026,6,15569.18
D,08/08/2026,7,15916.44
D,08/08/2026,8,16266.64
D,08/08/2026,9,16310.31
D,08/08/2026,10,16119.58
D,08/08/2026,11,16402.06
D,08/08/2026,12,17003.51
D,08/08/2026,13,17791.95
D,08/08/2026,14,18215.92
D,08/08/2026,15,19094.48
D,08/08/2026,16,20549.48
D,08/08/2026,17,21570.23
D,08/08/2026,18,21551.99
D,08/08/2026,19,20944.16
D,08/08/2026,20,20336.31
D,08/08/2026,21,19191.62
D,08/08/2026,22,17830.46
D,08/08/2026,23,16740.96
D,08/09/2026,0,15486.38
D,08/09/2026,1,14707.05
D,08/09/2026,2,14409.36
D,08/09/2026,3,14214.2
D,08/09/2026,4,13920.82
D,08/09/2026,5,13942.38
D,08/09/2026,6,14149.26
D,08/09/2026,7,14422.87
D,08/09/2026,8,14665.35
D,08/09/2026,9,14846.84
D,08/09/2026,10,14704.32
D,08/09/2026,11,15470.22
D,08/09/2026,12,16333.7
D,08/09/2026,13,16945.18
D,08/09/2026,14,17552.97
D,08/09/2026,15,18451.25
D,08/09/2026,16,19748.39
D,08/09/2026,17,20965.84
D,08/09/2026,18,21484.61
D,08/09/2026,19,21035.89
D,08/09/2026,20,20342.51
D,08/09/2026,21,19118.93
D,08/09/2026,22,17495.46
D,08/09/2026,23,15969.96
D,08/10/2026,0,15025.41
D,08/10/2026,1,14742.82
D,08/10/2026,2,14220.68
D,08/10/2026,3,13812.81
D,08/10/2026,4,13709.1
D,08/10/2026,5,14040.36
D,08/10/2026,6,14004.63
D,08/10/2026,7,14218.03
D,08/10/2026,8,14353.37
D,08/10/2026,9,14212.26
D,08/10/2026,10,14107.19
D,08/10/2026,11,14317.33
D,08/10/2026,12,15113.73
D,08/10/2026,13,15687.57
D,08/10/2026,14,16532.97
D,08/10/2026,15,17844.24
D,08/10/2026,16,19356.85
D,08/10/2026,17,20338.5
D,08/10/2026,18,20658.43
D,08/10/2026,19,20240.83
D,08/10/2026,20,19917.56
D,08/10/2026,21,18809.67
D,08/10/2026,22,17379.4
D,08/10/2026,23,16032.66
D,08/11/2026,0,15220.2
D,08/11/2026,1,14985.83
D,08/11/2026,2,14502.82
D,08/11/2026,3,14447.05
D,08/11/2026,4,14401.9
D,08/11/2026,5,14566.9
D,08/11/2026,6,14648.21
D,08/11/2026,7,15156.82
D,08/11/2026,8,14997.63
D,08/11/2026,9,15045.2
D,08/11/2026,10,14917.04
D,08/11/2026,11,15286.19
D,08/11/2026,12,15823.14
D,08/11/2026,13,16315.4
D,08/11/2026,14,17117.47
D,08/11/2026,15,18067.72
D,08/11/2026,16,18757.18
D,08/11/2026,17,19437.1
D,08/11/2026,18,19970.47
D,08/11/2026,19,19760.18
D,08/11/2026,20,19403.76
D,08/11/2026,21,18220.84
D,08/11/2026,22,16725.7
D,08/11/2026,23,15284.05
D,08/12/2026,0,14211.8
D,08/12/2026,1,14044.51
D,08/12/2026,2,13570.58
D,08/12/2026,3,13468.82
D,08/12/2026,4,13502.3
D,08/12/2026,5,13717.24
D,08/12/2026,6,13927.08
D,08/12/2026,7,14048.88
D,08/12/2026,8,13754.27
D,08/12/2026,9,13800.41
D,08/12/2026,10,13731.12
D,08/12/2026,11,14085.27
D,08/12/2026,12,14459.34
D,08/12/2026,13,15403.12
D,08/12/2026,14,16042.22
D,08/12/2026,15,16949.05
D,08/12/2026,16,18029.72
D,08/12/2026,17,19101.08
D,08/12/2026,18,19361.55
D,08/12/2026,19,19069.76
D,08/12/2026,20,18678.1
D,08/12/2026,21,17652.28
D,08/12/2026,22,16284.7
D,08/12/2026,23,14988.69
D,08/13/2026,0,14087.78
D,08/13/2026,1,14303.74
D,08/13/2026,2,14013.52
D,08/13/2026,3,13742.68
D,08/13/2026,4,13791.21
D,08/13/2026,5,14227.99
D,08/13/2026,6,14397.55
D,08/13/2026,7,14710.68
D,08/13/2026,8,14494.15
D,08/13/2026,9,14108.49
D,08/13/2026,10,13844.05
D,08/13/2026,11,14090.6
D,08/13/2026,12,14801.45
D,08/13/2026,13,15336.14
D,08/13/2026,14,15916.56
D,08/13/2026,15,16702.42
D,08/13/2026,16,17795.64
D,08/13/2026,17,18921.9
D,08/13/2026,18,19270.66
D,08/13/2026,19,19016.84
D,08/13/2026,20,18545.18
D,08/13/2026,21,17492.42
D,08/13/2026,22,16120.3
D,08/13/2026,23,14752.66
D,08/14/2026,0,13850.24
D,08/14/2026,1,13655.74
D,08/14/2026,2,13299.27
D,08/14/2026,3,13222.05
D,08/14/2026,4,13196.62
D,08/14/2026,5,13352.66
D,08/14/2026,6,13172.88
D,08/14/2026,7,13280.02
D,08/14/2026,8,13151.36
D,08/14/2026,9,12611.42
D,08/14/2026,10,12427.8
D,08/14/2026,11,12660.96
D,08/14/2026,12,13176.54
D,08/14/2026,13,14010.06
D,08/14/2026,14,14736.2
D,08/14/2026,15,15721.19
D,08/14/2026,16,16948.95
D,08/14/2026,17,17680.37
D,08/14/2026,18,17636.55
D,08/14/2026,19,17317.04
D,08/14/2026,20,17062.77
D,08/14/2026,21,16227.41
D,08/14/2026,22,15076.82
D,08/14/2026,23,13845.91
D,08/15/2026,0,12828.81
D,08/15/2026,1,12056.92
D,08/15/2026,2,11792.09
D,08/15/2026,3,11625.82
D,08/15/2026,4,11534.99
D,08/15/2026,5,11656.51
D,08/15/2026,6,12175.43
D,08/15/2026,7,11777.78
D,08/15/2026,8,11210.19
D,08/15/2026,9,10850.78
D,08/15/2026,10,10822.13
D,08/15/2026,11,11026.58
D,08/15/2026,12,11376.0
D,08/15/2026,13,11778.09
D,08/15/2026,14,12234.09
D,08/15/2026,15,13061.72
D,08/15/2026,16,13767.94
D,08/15/2026,17,15016.91
D,08/15/2026,18,15933.93
D,08/15/2026,19,15870.01
D,08/15/2026,20,15499.77
D,08/15/2026,21,14705.81
D,08/15/2026,22,13730.15
D,08/15/2026,23,12681.38
D,08/16/2026,0,11948.89
D,08/16/2026,1,11678.74
D,08/16/2026,2,11327.57
D,08/16/2026,3,11051.69
D,08/16/2026,4,11144.44
D,08/16/2026,5,11465.96
D,08/16/2026,6,11457.16
D,08/16/2026,7,11155.67
D,08/16/2026,8,10807.62
D,08/16/2026,9,10245.39
D,08/16/2026,10,10183.57
D,08/16/2026,11,10359.32
D,08/16/2026,12,10562.08
D,08/16/2026,13,11072.0
D,08/16/2026,14,12189.75
D,08/16/2026,15,13522.6
D,08/16/2026,16,14751.05
D,08/16/2026,17,15814.64
D,08/16/2026,18,16454.4
D,08/16/2026,19,16499.68
D,08/16/2026,20,16337.17
D,08/16/2026,21,15598.37
D,08/16/2026,22,14613.84
D,08/16/2026,23,13644.62
D,08/17/2026,0,13143.62
D,08/17/2026,1,13327.42
D,08/17/2026,2,13285.62
D,08/17/2026,3,13145.92
D,08/17/2026,4,13215.35
D,08/17/2026,5,13464.09
D,08/17/2026,6,13595.96
D,08/17/2026,7,14301.48
D,08/17/2026,8,14783.57
D,08/17/2026,9,14925.74
D,08/17/2026,10,14935.49
D,08/17/2026,11,15215.86
D,08/17/2026,12,15254.11
D,08/17/2026,13,15272.06
D,08/17/2026,14,15373.46
D,08/17/2026,15,15575.88
D,08/17/2026,16,16057.97
D,08/17/2026,17,16708.39
D,08/17/2026,18,16926.22
D,08/17/2026,19,16967.6
D,08/17/2026,20,16891.24
D,08/17/2026,21,16123.07
D,08/17/2026,22,15031.86
D,08/17/2026,23,13906.88
D,08/18/2026,0,13151.51
D,08/18/2026,1,13302.02
D,08/18/2026,2,13375.55
D,08/18/2026,3,13215.06
D,08/18/2026,4,13321.17
D,08/18/2026,5,13586.71
D,08/18/2026,6,13765.9
D,08/18/2026,7,14326.08
D,08/18/2026,8,14614.32
D,08/18/2026,9,14566.58
D,08/18/2026,10,14663.38
D,08/18/2026,11,14523.12
D,08/18/2026,12,14555.74
D,08/18/2026,13,14844.11
D,08/18/2026,14,15363.59
D,08/18/2026,15,16307.77
D,08/18/2026,16,17490.98
D,08/18/2026,17,18585.05
D,08/18/2026,18,19137.86
D,08/18/2026,19,18835.61
D,08/18/2026,20,18485.32
D,08/18/2026,21,17444.71
D,08/18/2026,22,16082.62
D,08/18/2026,23,14772.87
D,08/19/2026,0,13899.94
D,08/19/2026,1,13669.04
D,08/19/2026,2,13643.15
D,08/19/2026,3,13616.88
D,08/19/2026,4,13865.34
D,08/19/2026,5,13883.7
D,08/19/2026,6,14146.94
D,08/19/2026,7,14510.5
D,08/19/2026,8,14398.08
D,08/19/2026,9,14157.49
D,08/19/2026,10,14003.0
D,08/19/2026,11,14331.71
D,08/19/2026,12,14792.0
D,08/19/2026,13,15370.06
D,08/19/2026,14,16131.98
D,08/19/2026,15,17069.81
D,08/19/2026,16,18207.94
D,08/19/2026,17,19320.54
D,08/19/2026,18,19642.61
D,08/19/2026,19,19346.71
D,08/19/2026,20,18919.32
D,08/19/2026,21,17789.8
D,08/19/2026,22,16379.6
D,08/19/2026,23,15007.66
